썸네일,상품명,가격
http://gdimg.gmarket.co.kr/4576143619/still/300?ver=1764691278,(한정수량)삼양 불닭볶음면 20입 (5입 x 4개) /멀티팩,25000
http://gdimg.gmarket.co.kr/3075536766/still/300?ver=1764723574,(한정수량) 대패 삼겹살 2kg (1kg + 1kg) / 수입산,19940
http://gdimg.gmarket.co.kr/4576149929/still/300?ver=1764691815,(한정수량)살코기참치 12입(100gx6 + 85gx6),21900
http://gdimg.gmarket.co.kr/4609082771/still/300?ver=1764573074,농심 신라면 15개+짜파게티 5개,22020
http://gdimg.gmarket.co.kr/3658371503/still/300?ver=1711505934,신라면10입 +안성탕면5입 +너구리5입 (총 20봉),23400
http://gdimg.gmarket.co.kr/2899878671/still/300?ver=1764720444,베베쥬 20%+5%쿠폰/본격 겨울 준비 BIG SALE/무료배송,49600
http://gdimg.gmarket.co.kr/4604166645/still/300?ver=1764727313,폴햄키즈 텐셀 소재 신축성좋은 핫스킨 세트 PKF4UI3910,12900
http://gdimg.gmarket.co.kr/4599276380/still/300?ver=1764658064,(한정수량 증정) VU.CA 고불소 치약 미백 칫솔 구취케어 어린이 치약 모음,23400
http://gdimg.gmarket.co.kr/4409470187/still/300?ver=1764647452,비아에듀) 문해력 수학 교과중심 수학  티처스에서방영된개념연결지도까지,10500
http://gdimg.gmarket.co.kr/4565539914/still/300?ver=1760684468,육개장사발면18개 + 김치사발면6개,30500
